#Programa,Nombre de Programa,Stored Procedure
14,Actualiza O.Compra x Factura,PR_ERP_FNZ_QRY_GN_CANTIDADFACTURADAORDENCOMPRAACTUALIZA
14,Actualiza O.Compra x Factura,PR_ERP_FNZ_QRY_GN_CANTIDADFACTURADAORDENCOMPRAACTUALIZA
20,Graba Ing/Egr a Bancos,DBO.PR_ERP_FNZ_QRY_GN_EGRESOBANCOCREACION
20,Graba Ing/Egr a Bancos,PR_ERP_FNZ_QRY_GN_IngresoBancoCreacion
20,Graba Ing/Egr a Bancos,USP_BCO_GRABA_BCOINGRESOS_2
20,Graba Ing/Egr a Bancos,USP_BCO_GRABA_BCOINGRESOS_2
29,Integracion de Procesos,COM_WS_PROTHEUS_CONCEPTOS
29,Integracion de Procesos,COM_WS_PROTHEUS_COND_PAGO
29,Integracion de Procesos,COM_WS_PROTHEUS_DOCUMENTO_ENTRADA
29,Integracion de Procesos,COM_WS_PROTHEUS_FACTURA_COMPRA
29,Integracion de Procesos,COM_WS_PROTHEUS_PRODUCTOS
29,Integracion de Procesos,COM_WS_PROTHEUS_PROVEEDORES
35,Calcula Impuesto Bancos,USP_ADM_CALCULO_IMPUESTO_BANCO
40,Control de Ingresos ERP SQL,PR_ERP_RDD_QRY_GN_REGDOCUMENTO
48,Proceso Envio/Anulacion EFlete,PR_ERP_COM_QRY_WS_ANULAANUNCIO_PE
48,Proceso Envio/Anulacion EFlete,PR_ERP_COM_QRY_WS_ANUNCIO_BLOQUE
48,Proceso Envio/Anulacion EFlete,PR_ERP_COM_QRY_WS_ENVIOANUNCIO_PE
48,Proceso Envio/Anulacion EFlete,PR_ERP_COM_QRY_WS_PUBLICARENVIO
48,Proceso Envio/Anulacion EFlete,PR_ERP_COM_QRY_WS_PUBLICARENVIO
49,Envio Transportista Eflete,PR_ERP_COM_QRY_WS_ASOCIATRANSPORTISTA_PE
50,Proceso Envio/Oco Importacion,PR_ERP_COM_QRY_GN_IMPORTACION_EXP
52,Proceso Envio/Consulta Naby,PR_ERP_FNZ_QRY_WS_CONSULTAFACTURACOMPRAELECTRONICA_CR
52,Proceso Envio/Consulta Naby,PR_ERP_FNZ_QRY_WS_FACTURACOMPRAELECTRONICA_CR
64,Generacion Percepcion Cliente,DBO.PR_ERP_FNZ_QRY_GN_GeneraComprobantePercepcionCliente
65,Generacion Retencion Cliente,DBO.PR_ERP_FNZ_QRY_GN_GENERACOMPROBANTERETENCIONCLIENTE
66,Proceso Envio/Consulta Dian,PR_ERP_FNZ_QRY_WS_CONSULTAFACTURACOMPRAELECTRONICA_CO
66,Proceso Envio/Consulta Dian,PR_ERP_FNZ_QRY_WS_FACTURACOMPRAELECTRONICA_CO
67,Generacion Percepcion Proveedo,DBO.PR_ERP_FNZ_QRY_GN_GeneraComprobantePercepcionProveedor
68,Generacion Retencion Proveedor,DBO.PR_ERP_FNZ_QRY_GN_GeneraComprobanteRetencionProveedor
69,Genera ITF/Comision Automatica,dbo.PR_ERP_FNZ_QRY_GeneraITFComisionAutomatica
70,Eliminar Aplicaciones Erradas,PR_ERP_FNZ_QRY_GN_EliminaAplicacionCobrarErrada
70,Eliminar Aplicaciones Erradas,PR_ERP_FNZ_QRY_GN_EliminaEgresoBancoErrado
70,Eliminar Aplicaciones Erradas,PR_ERP_FNZ_QRY_GN_EliminaIngresoBancoErrado
70,Eliminar Aplicaciones Erradas,PR_ERP_FNZ_QRY_GN_EliminarRendicionBancoErrado
78,Genera Deposito Automatico,PR_ERP_FNZ_QRY_GN_TRANSFERENCIABANCOS
162,Obtener Percepcion Proveedor,PR_ERP_FNZ_QRY_GN_ObtenerPercepcionProveedorInterface
168,Control Orden de Giro,PR_ERP_FNZ_QRY_GN_ORDENGIROCONTROLPAGOS
168,Control Orden de Giro,PR_ERP_FNZ_QRY_GN_ORDENGIROCONTROLPAGOS
174,Ver RSF Afiliadas,DBO.USP_ADM_ACTUALIZA_RSF_BLOQUE_SALDO
174,Ver RSF Afiliadas,dbo.USP_ADM_CONSULTARSFAFILIADAS
216,Retencion/Percepcion Ele Pe/Sv,DBO.PR_ERP_FNZ_QRY_WS_CONSULTAPERCEPCIONELECTRONICA_DF_PE
216,Retencion/Percepcion Ele Pe/Sv,DBO.PR_ERP_FNZ_QRY_WS_CONSULTAPERCEPCIONELECTRONICA_ET_PE
216,Retencion/Percepcion Ele Pe/Sv,DBO.PR_ERP_FNZ_QRY_WS_CONSULTAPERCEPCIONELECTRONICA_ET_PE
216,Retencion/Percepcion Ele Pe/Sv,DBO.PR_ERP_FNZ_QRY_WS_CONSULTAPERCEPCIONELECTRONICA_LG_PE
216,Retencion/Percepcion Ele Pe/Sv,DBO.PR_ERP_FNZ_QRY_WS_CONSULTAPERCEPCIONELECTRONICA_NF_PE
216,Retencion/Percepcion Ele Pe/Sv,DBO.PR_ERP_FNZ_QRY_WS_CONSULTAPERCEPCIONELECTRONICA_PE
216,Retencion/Percepcion Ele Pe/Sv,DBO.PR_ERP_FNZ_QRY_WS_CONSULTARETENCIONELECTRONICA_DF_PE
216,Retencion/Percepcion Ele Pe/Sv,DBO.PR_ERP_FNZ_QRY_WS_CONSULTARETENCIONELECTRONICA_ET_PE
216,Retencion/Percepcion Ele Pe/Sv,DBO.PR_ERP_FNZ_QRY_WS_CONSULTARETENCIONELECTRONICA_ET_PE
216,Retencion/Percepcion Ele Pe/Sv,DBO.PR_ERP_FNZ_QRY_WS_CONSULTARETENCIONELECTRONICA_LG_PE
216,Retencion/Percepcion Ele Pe/Sv,DBO.PR_ERP_FNZ_QRY_WS_CONSULTARETENCIONELECTRONICA_NF_PE
216,Retencion/Percepcion Ele Pe/Sv,DBO.PR_ERP_FNZ_QRY_WS_CONSULTARETENCIONELECTRONICA_PE
216,Retencion/Percepcion Ele Pe/Sv,DBO.PR_ERP_FNZ_QRY_WS_PERCEPCIONELECTRONICA_DF_PE
216,Retencion/Percepcion Ele Pe/Sv,DBO.PR_ERP_FNZ_QRY_WS_PERCEPCIONELECTRONICA_ET_PE
216,Retencion/Percepcion Ele Pe/Sv,DBO.PR_ERP_FNZ_QRY_WS_PERCEPCIONELECTRONICA_ET_PE
216,Retencion/Percepcion Ele Pe/Sv,DBO.PR_ERP_FNZ_QRY_WS_PERCEPCIONELECTRONICA_LG_PE
216,Retencion/Percepcion Ele Pe/Sv,DBO.PR_ERP_FNZ_QRY_WS_PERCEPCIONELECTRONICA_NF_PE
216,Retencion/Percepcion Ele Pe/Sv,DBO.PR_ERP_FNZ_QRY_WS_PERCEPCIONELECTRONICA_PE
216,Retencion/Percepcion Ele Pe/Sv,DBO.PR_ERP_FNZ_QRY_WS_RETENCIONELECTRONICA_DF_PE
216,Retencion/Percepcion Ele Pe/Sv,DBO.PR_ERP_FNZ_QRY_WS_RETENCIONELECTRONICA_ET_PE
216,Retencion/Percepcion Ele Pe/Sv,DBO.PR_ERP_FNZ_QRY_WS_RETENCIONELECTRONICA_LG_PE
216,Retencion/Percepcion Ele Pe/Sv,DBO.PR_ERP_FNZ_QRY_WS_RETENCIONELECTRONICA_NF_PE
216,Retencion/Percepcion Ele Pe/Sv,DBO.PR_ERP_FNZ_QRY_WS_RETENCIONELECTRONICA_PE
216,Retencion/Percepcion Ele Pe/Sv,DBO.PR_ERP_FNZ_QRY_WS_RETENCIONELECTRONICA_SV
217,Proceso Envio/Consulta Tekra,PR_ERP_FNZ_QRY_WS_CONSULTAFACTURACOMPRAELECTRONICA_SV
217,Proceso Envio/Consulta Tekra,PR_ERP_FNZ_QRY_WS_FACTURACOMPRAELECTRONICA_SV
235,Envio Correo Cotizacion,USP_ENVIA_EMAIL_COTIZA
457,Selector Ordenes de Trabajo,USP_GIM_PROCESAOTS
484,Selector Sucursal Intercompany,PR_ERP_FNZ_QRY_GN_SelectorSucursales
552,Codigo EAN/NCM/Sunat,CAD_WS_ACTUALIZA_CODEAN
552,Codigo EAN/NCM/Sunat,CAD_WS_ACTUALIZA_CODEAN
565,Cambia Numero a Letras,USP_NUMERO_LETRAS
571,Elimina Vouchers Generados,USP_ANULACION_VOUCHER_GENERADO
571,Elimina Vouchers Generados,USP_ANULACION_VOUCHER_GENERADO
572,Actualiza Saldo Contable,USP_ACTUALIZA_SALDOS_CONTABLE
575,Asiento Caja Liquidacion,USP_ADM_ASIENTO_CAJA_LIQUIDACION
575,Asiento Caja Liquidacion,USP_ASIENTO_CAJA_LIQUIDACION
576,Asiento Egreso Banco,USP_ADM_ASIENTO_EGRESO_BANCO
576,Asiento Egreso Banco,USP_ASIENTO_EGRESO_BANCO
577,Asiento Ingreso Banco / APL BD,USP_ADM_ASIENTO_APLICACION_BDB
577,Asiento Ingreso Banco / APL BD,USP_ADM_ASIENTO_INGRESO_BANCO
577,Asiento Ingreso Banco / APL BD,USP_ASIENTO_INGRESO_BANCO
578,Asiento Aplicacion Pasivos,USP_ADM_ASIENTO_APLICACION_PASIVOS
578,Asiento Aplicacion Pasivos,USP_ASIENTO_APLICACION_PASIVOS
579,Asiento Rendicion Gastos,USP_ADM_ASIENTO_RENDICION_GASTO
579,Asiento Rendicion Gastos,USP_ASIENTO_RENDICION_GASTO
580,Asiento Giro Financiado,USP_ADM_ASIENTO_PASIVO
581,Asiento Gastos Vinculados,USP_ADM_ASIENTO_GASTOS_VINCULADOS
581,Asiento Gastos Vinculados,USP_ASIENTO_GASTOS_VINCULADOS
582,Asiento Compras Locales,PR_ERP_FNZ_QRY_GN_ASIENTODOCUMENTOFINANCIERO
582,Asiento Compras Locales,USP_ADM_ASIENTO_COMPRAS_LOCALES
582,Asiento Compras Locales,USP_ADM_ASIENTO_FACTURA_IMPORTACION
582,Asiento Compras Locales,USP_ASIENTO_COMPRAS_LOCALES
583,Asiento Compras Importacion,USP_ADM_ASIENTO_COMPRAS_IMPORTACION
583,Asiento Compras Importacion,USP_ASIENTO_COMPRAS_IMPORTACION
584,Asiento Ingreso Compras,PR_ERP_FNZ_QRY_GN_ASIENTOCONSUMOALMACEN
584,Asiento Ingreso Compras,PR_ERP_FNZ_QRY_GN_ASIENTOCOSTOIMPORTACION
584,Asiento Ingreso Compras,PR_ERP_FNZ_QRY_GN_ASIENTOCOSTOIMPORTACION
584,Asiento Ingreso Compras,USP_ADM_ASIENTO_COMPRAS
584,Asiento Ingreso Compras,USP_ADM_ASIENTO_COMPRAS
584,Asiento Ingreso Compras,USP_ASIENTO_COMPRAS
584,Asiento Ingreso Compras,USP_ASIENTO_COMPRAS
584,Asiento Ingreso Compras,USP_CTB_ASIENTO_CONSUMO_ALM_NEW
584,Asiento Ingreso Compras,USP_CTB_ASIENTO_INGRESO_ALM
585,Asiento Valores Estimados,PR_ERP_FNZ_QRY_GN_ASIENTOESTIMADO
585,Asiento Valores Estimados,USP_ADM_ASIENTO_ESTIMADO
585,Asiento Valores Estimados,USP_ASIENTO_ESTIMADO
586,Asiento Reversion Estimados,PR_ERP_FNZ_QRY_GN_ASIENTOREVERSIONESTIMADO
586,Asiento Reversion Estimados,USP_ADM_ASIENTO_REVERSION_ESTIMADO
586,Asiento Reversion Estimados,USP_ASIENTO_REVERSION_ESTIMADO
587,Asiento Compras Anticipo,USP_ADM_ASIENTO_COMPRAS_ANTICIPO
587,Asiento Compras Anticipo,USP_ASIENTO_COMPRAS_ANTICIPO
588,Asiento Impuesto Diferido,USP_ADM_ASIENTO_IMPUESTO_DIFERIDO
589,Asiento Compras Sunat,USP_ADM_ASIENTO_COMPRAS_LOCALES_SUNAT
590,Asiento Caja Ingresos,PR_ERP_FNZ_QRY_GN_ASIENTOINGRESOCAJAREVERSION
590,Asiento Caja Ingresos,USP_ADM_ASIENTO_INGRESO_CAJA
590,Asiento Caja Ingresos,USP_ASIENTO_INGRESO_CAJA
591,Asiento Caja Egresos,PR_ERP_FNZ_QRY_GN_ASIENTOEGRESOCAJAREVERSION
591,Asiento Caja Egresos,USP_ADM_ASIENTO_EGRESO_CAJA
591,Asiento Caja Egresos,USP_ASIENTO_EGRESO_CAJA
592,Asiento Transferencia Caja,USP_ADM_ASIENTO_TRANSFERENCIA_CAJA
592,Asiento Transferencia Caja,USP_ASIENTO_TRANSFERENCIA_CAJA
593,Asiento Banco Confirming,USP_ADM_ASIENTO_CONFIRMING
594,Asiento Aplicacion x Cobrar,USP_ADM_ASIENTO_APLICACION_COBRAR
594,Asiento Aplicacion x Cobrar,USP_ASIENTO_APLICACION_COBRAR
595,Asiento Canje x Cobrar,USP_ADM_ASIENTO_CANJES_COBRAR
596,Asiento Aplicacion x Pagar,USP_ADM_ASIENTO_APLICACION_PAGAR
596,Asiento Aplicacion x Pagar,USP_ASIENTO_APLICACION_PAGAR
597,Asiento Canje x Pagar,USP_ADM_ASIENTO_CANJES_PAGAR
597,Asiento Canje x Pagar,USP_ASIENTO_CANJE_PAGAR
598,Asiento Renovacion Letras Paga,USP_ADM_ASIENTO_RENOVACION_LETRAS_PAGAR
599,Asiento Cuentas Diversas,PR_ERP_FNZ_QRY_GN_AsientoAdelantos
599,Asiento Cuentas Diversas,PR_ERP_FNZ_QRY_GN_ASIENTOCANJESDIVERSOS
599,Asiento Cuentas Diversas,PR_ERP_FNZ_QRY_GN_ASIENTOLIQUIDACIONCUENTASDIVERSAS
600,Asiento Ingreso Almacen Activo,PR_ERP_FNZ_QRY_GN_ASIENTOCOSTOIMPORTACION
600,Asiento Ingreso Almacen Activo,USP_ADM_ASIENTO_INGRESO_ALMACEN_ACTIVO_FIJO
601,"Asiento Activo (DEP,ABJ,AAC)",USP_ADM_ASIENTO_ACTIVACION_ACTIVO
601,"Asiento Activo (DEP,ABJ,AAC)",USP_ADM_ASIENTO_BAJA_ACTIVO
601,"Asiento Activo (DEP,ABJ,AAC)",USP_ASIENTO_DEPRECIACION_ACTIVO
604,Asiento Ventas,USP_ADM_ASIENTO_VENTAS
604,Asiento Ventas,USP_ASIENTO_VENTAS
605,Asiento Produccion,USP_ADM_ASIENTO_ASIGNACION_GASTOS_PRODUCCION
605,Asiento Produccion,USP_ADM_ASIENTO_CONSUMOS_INDIRECTOS_PRODUCCION
605,Asiento Produccion,USP_ADM_ASIENTO_CONSUMOS_PRODUCCION
605,Asiento Produccion,USP_ADM_ASIENTO_COSTO_VENTAS
605,Asiento Produccion,USP_ADM_ASIENTO_TRANSFERENCIA_COSTOS
605,Asiento Produccion,USP_ASIE_ASIG_GASTOS_FABRIC_A_PT
605,Asiento Produccion,USP_ASIE_CONSUMO_INSUMO_INDIRECTO
605,Asiento Produccion,USP_ASIE_COST_I01
605,Asiento Produccion,USP_ASIENTO_CONSUMOREPUESTOS
605,Asiento Produccion,USP_ASIENTO_COSTO_VENTAS
605,Asiento Produccion,USP_ASIENTO_COSTOPROD
605,Asiento Produccion,USP_ASIENTO_COSTOPROD
605,Asiento Produccion,USP_ASIENTO_GASTOS_FABRIC
606,Asiento Provisiones,PR_ERP_ADM_ASIENTO_EVALSERVICIO
606,Asiento Provisiones,PR_ERP_FNZ_QRY_GN_ASIENTODIFERIDOPROVISION
606,Asiento Provisiones,PR_ERP_FNZ_QRY_GN_ASIENTOFLETEPROVISION
606,Asiento Provisiones,PR_ERP_FNZ_QRY_GN_ASIENTORECLASIFICAPROVISION
608,Asiento de Reversion,USP_ADM_ASIENTO_EXTORNO_TIPOCAMBIO
609,Asiento Contratos,PR_ERP_FNZ_QRY_GN_ASIENTOBAJACONTRATO
609,Asiento Contratos,PR_ERP_FNZ_QRY_GN_ASIENTOCONTRATO
609,Asiento Contratos,PR_ERP_FNZ_QRY_GN_ASIENTODEPRECIACIONCONTRATO
609,Asiento Contratos,PR_ERP_FNZ_QRY_GN_ASIENTOESTIMADOCONTRATO
609,Asiento Contratos,PR_ERP_FNZ_QRY_GN_ASIENTOINTERESCONTRATO
609,Asiento Contratos,PR_ERP_FNZ_QRY_GN_ASIENTORECLASIFICACIONCONTRATO
610,Asiento Costo Servicio Maquila,PR_ERP_FNZ_QRY_GN_AsientoCostoServicioMaquila
610,Asiento Costo Servicio Maquila,PR_ERP_FNZ_QRY_GN_AsientoCostoVentaServicioMaquila
610,Asiento Costo Servicio Maquila,PR_ERP_FNZ_QRY_GN_AsientoGastoServicioMaquila
610,Asiento Costo Servicio Maquila,PR_ERP_FNZ_QRY_GN_AsientoProvisionServicioMaquila
610,Asiento Costo Servicio Maquila,PR_ERP_FNZ_QRY_GN_AsientoTransferenciaServicioMaquila
611,Asiento Planilla Cobranza,PR_ERP_FNZ_QRY_GN_AsientoPlanillaCobranza
612,Asiento Comprobante CRT,PR_ERP_FNZ_QRY_GN_AsientoComprobanteRetencion
614,Asiento Distribucion Gastos,USP_ADM_ASIENTO_DISTRIBUCION_GASTOS
643,Asiento Negociacion de Docu,PR_ERP_FNZ_QRY_GN_AsientoDocumentoNegociado
644,Genera Asientos Automaticos,PR_ERP_ADM_ASIENTO_EVALSERVICIO
644,Genera Asientos Automaticos,PR_ERP_FNZ_QRY_GN_ASIENTODOCUMENTOFINANCIERO
644,Genera Asientos Automaticos,PR_ERP_FNZ_QRY_GN_AsientoDocumentoNegociado
644,Genera Asientos Automaticos,PR_ERP_FNZ_QRY_GN_ASIENTOEGRESOCAJAREVERSION
644,Genera Asientos Automaticos,PR_ERP_FNZ_QRY_GN_ASIENTOINGRESOCAJAREVERSION
644,Genera Asientos Automaticos,USP_ADM_ASIENTO_APLICACION_COBRAR
644,Genera Asientos Automaticos,USP_ADM_ASIENTO_APLICACION_PAGAR
644,Genera Asientos Automaticos,USP_ADM_ASIENTO_CAJA_LIQUIDACION
644,Genera Asientos Automaticos,USP_ADM_ASIENTO_CANJES_COBRAR
644,Genera Asientos Automaticos,USP_ADM_ASIENTO_CANJES_PAGAR
644,Genera Asientos Automaticos,USP_ADM_ASIENTO_COMPRAS_ANTICIPO
644,Genera Asientos Automaticos,USP_ADM_ASIENTO_COMPRAS_IMPORTACION
644,Genera Asientos Automaticos,USP_ADM_ASIENTO_COMPRAS_LOCALES
644,Genera Asientos Automaticos,USP_ADM_ASIENTO_COMPRAS_LOCALES_SUNAT
644,Genera Asientos Automaticos,USP_ADM_ASIENTO_EGRESO_BANCO
644,Genera Asientos Automaticos,USP_ADM_ASIENTO_EGRESO_CAJA
644,Genera Asientos Automaticos,USP_ADM_ASIENTO_FACTURA_IMPORTACION
644,Genera Asientos Automaticos,USP_ADM_ASIENTO_GASTOS_VINCULADOS
644,Genera Asientos Automaticos,USP_ADM_ASIENTO_INGRESO_BANCO
644,Genera Asientos Automaticos,USP_ADM_ASIENTO_INGRESO_CAJA
644,Genera Asientos Automaticos,USP_ADM_ASIENTO_RENDICION_GASTO
644,Genera Asientos Automaticos,USP_ADM_ASIENTO_RENDICION_GASTO
644,Genera Asientos Automaticos,USP_ADM_ASIENTO_REVERSION_ESTIMADO
644,Genera Asientos Automaticos,USP_ADM_ASIENTO_TRANSFERENCIA_CAJA
649,Aprobar/Desaprobar/Observar,PR_ERP_FNZ_QRY_GN_PROVISIONCOBRANZADUDOSAANULAR
649,Aprobar/Desaprobar/Observar,PR_ERP_FNZ_QRY_WS_REGISTRASOLICITUDACTIVOFIJO
649,Aprobar/Desaprobar/Observar,SKU_WS_CHILD_INSERTAR_SOLICITUD
649,Aprobar/Desaprobar/Observar,USP_ADM_ENVIA_CORREO_ORDEN_GIRO_APROBACION
649,Aprobar/Desaprobar/Observar,USP_ADM_ENVIA_CORREO_ORDEN_GIRO_QUITA_APROBACION
649,Aprobar/Desaprobar/Observar,USP_ADM_ENVIA_CORREO_ORDEN_GIRO_QUITA_VISTO
649,Aprobar/Desaprobar/Observar,USP_ADM_ENVIA_CORREO_ORDEN_GIRO_VISTO
649,Aprobar/Desaprobar/Observar,USP_ALM_ALERTAS_NOCONFORMIDADES
649,Aprobar/Desaprobar/Observar,USP_CAD_GENERA_PROGRAMACIONCOMPRA
649,Aprobar/Desaprobar/Observar,USP_PPTO_VTAS_ACT_AVANCE_SOL_EN_LINEA
650,Proceso Envio FullStep,PR_ERP_COM_QRY_GN_RegistrarRequerimientoBM_FS
683,Imprime Formato Retencion TH,SP_NUM2LETTHAI
683,Imprime Formato Retencion TH,SP_NUM2LETTHAI
687,Imprime Maestro de Articulos,PR_ERP_FNZ_QRY_GN_REPORTEARTICULO
687,Imprime Maestro de Articulos,PR_ERP_FNZ_QRY_GN_REPORTEARTICULO
689,Imprimir Accesos Empleado,PR_ERP_FNZ_RPT_GN_ACCESOEMPLEADO
726,Consulta N.Ingreso x O.Co/E.Im,USP_ADM_CONSULTAINGXOC
739,Consulta Aplicacion Cobr/Pagar,PR_ERP_FNZ_QRY_GN_AplicacionCobrarAnulacion
749,Consulta Adelanto,PR_ERP_FNZ_QRY_GN_GENERACABECERAINGRESOADELANTO
765,Detalle de Pagos Clientes,USP_CTACTE_DOCVTA_DETALLE
767,Consulta Mov Almacen,USP_CAD_VENTAS_CONSULTAGUIASREL
778,Consulta Retencion Provision,PR_ERP_FNZ_QRY_WS_CONSULTARETENCIONELECTRONICA_EC
778,Consulta Retencion Provision,PR_ERP_FNZ_QRY_WS_RETENCIONELECTRONICA_EC
778,Consulta Retencion Provision,PR_ERP_FNZ_QRY_WS_RETENCIONELECTRONICA_SV
780,Consulta Trabajo Curso,PR_ERP_FNZ_RPT_GN_TRABAJOCURSOCONSULTA
799,Consulta Control Orden Compra,PR_ERP_FNZ_QRY_GN_CANTIDADFACTURADAORDENCOMPRAACTUALIZA
799,Consulta Control Orden Compra,PR_ERP_FNZ_QRY_GN_CANTIDADFACTURADAORDENCOMPRAACTUALIZA
806,Consulta Factura Venta Interfa,PR_ERP_FNZ_QRY_GN_ConsultaFacturaVentaInterface
807,Consulta Guia VTC Interface,PR_ERP_FNZ_QRY_GN_ConsultaGuiaVTCInterface
815,Con/Anu Negociacion de Docu,PR_ERP_FNZ_QRY_GN_AnularDocumentoNegociado
831,Requerimiento de Compra,PR_ERP_COM_QRY_GN_PROCEDENCIA_FS
831,Requerimiento de Compra,USP_GIM_ANULAREQUERIMIENTO
831,Requerimiento de Compra,USP_GIM_LLENA_CONSULTAREQUERIMIENTO
831,Requerimiento de Compra,USP_GIM_LLENA_CONSULTAREQUERIMIENTO
832,Requerimiento al Almacen,USP_GIM_ANULAREQUERIMIENTO
832,Requerimiento al Almacen,USP_GIM_LLENA_CONSULTAREQUERIMIENTO
832,Requerimiento al Almacen,USP_GIM_LLENA_CONSULTAREQUERIMIENTO
837,Requerimiento Servicio Flete,dbo.USP_ADM_ACTUALIZA_RSF_BLOQUE_SALDO
841,Orden de Giro,USP_ADM_ENVIA_CORREO_ORDEN_GIRO
842,Orden de Giro - VALIDACION,USP_ADM_ENVIA_CORREO_ORDEN_GIRO
845,Solicitud Creacion de Activo,PR_ERP_FNZ_QRY_WS_REGISTRASOLICITUDACTIVOFIJO
847,Solicitud de Obsequios,USP_PPTO_VTAS_ACT_AVANCE_SOL_EN_LINEA
857,Calcular Precios SP,USP_COM_CALCULAR_DOCVENTA
860,Evaluacion de Servicio,USP_ADMIN_EVALSERV
860,Evaluacion de Servicio,USP_ADMIN_EVALSERV
864,Cancelacion Requerimien Compra,PR_ERP_COM_QRY_GN_PROCEDENCIA_FS
877,Reporte de Obsequios - MX,PR_ERP_FNZ_QRY_GN_ReporteObsequios
884,Reporte de Trazabilidad,USP_REPORTE_TRAZABILIDAD
886,Importar Requerimiento - Excel,USP_GENREQCOM
890,Plan de Materiales AVAIL,dbo.USP_ADM_CONSULTAREQAVAIL
890,Plan de Materiales AVAIL,dbo.USP_ADM_CONSULTAREQCRONOGRAMAAVAIL
890,Plan de Materiales AVAIL,dbo.USP_ADM_CONSULTAREQDETALLEAVAIL
890,Plan de Materiales AVAIL,USP_ADM_CREAREQDESDEAVAIL
894,Maestro de Tipo Cambios,PR_ERP_FNZ_QRY_GN_TIPOCAMBIO
896,Mantenimiento Articulos,COM_SALESFORCE_PRODUCTOS
896,Mantenimiento Articulos,PR_ERP_COM_QRY_GN_ALERTASTDARTICULO
896,Mantenimiento Articulos,PR_ERP_COM_QRY_GN_RegistrarItemIntegracion
896,Mantenimiento Articulos,PR_ERP_COM_QRY_GN_REGISTRASTD_ARTICULO
896,Mantenimiento Articulos,USP_ADM_ENVIA_CORREO_MAESTRO_ARTICULO
896,Mantenimiento Articulos,USP_GIM_LLENA_GETARTICULO
896,Mantenimiento Articulos,USP_GIM_LLENA_GETSERVICIOS
897,Mantenimiento Nuevo SKU Local,COM_SALESFORCE_PRODUCTOS
900,Personas,PR_ERP_FNZ_QRY_GN_REPORTEPERSONA
903,Proveedores-Coorporativo,PR_ERP_COM_QRY_GN_PROCEDENCIA_FS
903,Proveedores-Coorporativo,PR_ERP_COM_QRY_GN_RegistrarItemIntegracion
903,Proveedores-Coorporativo,PR_ERP_FNZ_QRY_GN_ExisteProveedor
903,Proveedores-Coorporativo,PR_ERP_FNZ_QRY_GN_ExisteProveedor
911,Importar Datos del Proveedor,PR_ERP_FNZ_QRY_GN_MAESTROSDEPROVEEDORIMPORTAR
918,Accesos de Empleado,PR_ERP_FNZ_QRY_GN_ACCESOEMPLEADO
918,Accesos de Empleado,PR_ERP_FNZ_QRY_GN_COPIARACCESOEMPLEADO
918,Accesos de Empleado,PR_ERP_FNZ_RPT_GN_AccesosdeEmpleados
918,Accesos de Empleado,PR_ERP_FNZ_RPT_GN_AccesosdeEmpleados
918,Accesos de Empleado,PR_ERP_FNZ_RPT_GN_AccesosdeEmpleados
918,Accesos de Empleado,PR_ERP_FNZ_RPT_GN_AccesosdeEmpleados
918,Accesos de Empleado,PR_ERP_FNZ_RPT_GN_AccesosdeEmpleados
918,Accesos de Empleado,PR_ERP_FNZ_RPT_GN_AccesosdeEmpleados
918,Accesos de Empleado,PR_ERP_FNZ_RPT_GN_AccesosdeEmpleados
918,Accesos de Empleado,PR_ERP_FNZ_RPT_GN_AccesosdeEmpleados
918,Accesos de Empleado,PR_ERP_FNZ_RPT_GN_AnularAccesosdeEmpleados
918,Accesos de Empleado,PR_ERP_FNZ_RPT_GN_AnularAccesosdeEmpleados
918,Accesos de Empleado,PR_ERP_FNZ_RPT_GN_AnularAccesosdeEmpleados
918,Accesos de Empleado,PR_ERP_FNZ_RPT_GN_AnularAccesosdeEmpleados
918,Accesos de Empleado,PR_ERP_FNZ_RPT_GN_AnularAccesosdeEmpleados
918,Accesos de Empleado,PR_ERP_FNZ_RPT_GN_AnularAccesosdeEmpleados
918,Accesos de Empleado,PR_ERP_FNZ_RPT_GN_AnularAccesosdeEmpleados
920,Empleados (fecha baja y susp),PR_ERP_COM_QRY_GN_RegistrarPerfilFS
920,Empleados (fecha baja y susp),PR_ERP_FNZ_QRY_GN_ELIMINARACCESOEMPLEADO
920,Empleados (fecha baja y susp),PR_ERP_FNZ_QRY_GN_ELIMINARACCESOEMPLEADO
920,Empleados (fecha baja y susp),USP_ADM_ENVIA_CORREO_NUEVO_EMPLEADO
921,Importar Maestro Empleados,PR_ERP_FNZ_QRY_GN_MAESTROEMPLEADOIMPORTAR
922,Configuracion de Empleados Cia,USP_CONFIG_EMPLEADO_CREAR
922,Configuracion de Empleados Cia,USP_CONFIG_EMPLEADO_REP
923,Maestro Deudores,PR_ERP_FNZ_QRY_GN_MAESTRODEUDORIMPORTAR
1028,Replicar Maestros Estandar,dbo.PR_ERP_FNZ_QRY_GN_COPIARCONFIGURACIONCONTABLE
1028,Replicar Maestros Estandar,dbo.PR_ERP_FNZ_QRY_GN_COPIARMAESTROSESTANDAR
1028,Replicar Maestros Estandar,dbo.PR_ERP_FNZ_RPT_GN_ListadoTablasMigradaMaestrosEstandar
1030,Mantenimiento de Sucursales,PR_ERP_FNZ_QRY_GN_ENVIA_CORREO_MAESTRO_SUCURSAL
1030,Mantenimiento de Sucursales,PR_ERP_FNZ_QRY_GN_ENVIA_CORREO_MAESTRO_SUCURSAL
1048,Reporte de Articulos Calificad,PR_ERP_COM_QRY_GN_SKU_ATRIBUTOS
1059,Cotizaciones Solicitud,PR_ERP_COM_QRY_GN_PROCEDENCIA_FS
1061,Orden de Compra-Corporativo,PR_ERP_COM_QRY_GN_PROCEDENCIA_FS
1069,Selector Orden Compra,PR_ERP_FNZ_QRY_GN_CANTIDADFACTURADAORDENCOMPRAACTUALIZA
1069,Selector Orden Compra,PR_ERP_FNZ_QRY_GN_CANTIDADFACTURADAORDENCOMPRAACTUALIZA
1071,Calculo Impuesto - Detalle,USP_ADM_CALCULA_IMPUESTO
1074,Genera Retencion Provision,PR_ERP_FNZ_QRY_GN_GeneraComprobanteRetencionProvision
1076,Genera Impuestos Detallado,USP_ADM_CALCULA_IMPUESTO_DETALLADO
1083,Selector Proceso Fletes,PR_ERP_FNZ_QRY_GN_ProcesoSeleccionFletes
1083,Selector Proceso Fletes,PR_ERP_FNZ_QRY_GN_ProcesoSeleccionFletes
1084,Documento Financiero,USP_ANULACION_FACTURA_COMPRA
1085,Asignacion de Notas de Ingreso,PR_ERP_FNZ_QRY_GN_ASIGNACIONNOTAINGRESOCONSULTA
1085,Asignacion de Notas de Ingreso,PR_ERP_FNZ_QRY_GN_ASIGNACIONNOTAINGRESOREVERSION
1085,Asignacion de Notas de Ingreso,USP_ADM_FACTURAS_SIN_NOTAINGRESO
1095,Valores Estimados,dbo.PR_ERP_FNZ_QRY_GN_ValorEstimadoCierre
1095,Valores Estimados,DBO.PR_ERP_FNZ_QRY_GN_ValorEstimadoCreacion
1095,Valores Estimados,dbo.PR_ERP_FNZ_QRY_GN_ValorEstimadoEliminar
1095,Valores Estimados,DBO.PR_ERP_FNZ_QRY_GN_ValorEstimadoModificar
1095,Valores Estimados,DBO.PR_ERP_FNZ_QRY_GN_ValorEstimadoModificar
1097,Reporte Valores Estimados,PR_ERP_FNZ_RPT_GN_ValorEstimadoImprimir
1100,Costeo de Importacion,DBO.PR_ERP_FNZ_QRY_GN_ValorEstimadoRevertirCosteo
1100,Costeo de Importacion,DBO.PR_ERP_FNZ_QRY_GN_ValorEstimadoRevertirCosteo
1100,Costeo de Importacion,GCO_SP_COSTO_LINEA_AFIJO
1100,Costeo de Importacion,USP_ADM_REPORTE_COSTO_IMPORTACION
1100,Costeo de Importacion,USP_COSTO_IMPORTACION
1101,Costeo de Importacion,DBO.PR_ERP_FNZ_QRY_GN_ValorEstimadoRevertirCosteo
1101,Costeo de Importacion,DBO.PR_ERP_FNZ_QRY_GN_ValorEstimadoRevertirCosteo
1101,Costeo de Importacion,GCO_SP_COSTO_LINEA_AFIJO
1101,Costeo de Importacion,PR_ERP_FNZ_QRY_GN_ActualizaCostoImp
1101,Costeo de Importacion,USP_ADM_REPORTE_COSTO_IMPORTACION
1101,Costeo de Importacion,USP_COSTO_IMPORTACION
1105,Cancelacion Orden Compra,PR_ERP_COM_QRY_GN_PROCEDENCIA_FS
1106,Anulacion Orden Compra,PR_ERP_COM_QRY_GN_PROCEDENCIA_FS
1108,Anulacion Factura de Compra,PR_ERP_FNZ_QRY_GN_VerificaReversionEstimado
1108,Anulacion Factura de Compra,PR_ERP_FNZ_QRY_GN_VerificaReversionEstimado
1108,Anulacion Factura de Compra,PR_ERP_FNZ_QRY_GN_VERIFICASALDOOCOXNOTACREDITO
1108,Anulacion Factura de Compra,USP_ANULACION_FACTURA_COMPRA
1113,Reporte de Detraccion Fecha,PR_ERP_FNZ_QRY_GN_ReporteDetraccion
1113,Reporte de Detraccion Fecha,PR_ERP_FNZ_QRY_GN_ReporteDetraccion
1113,Reporte de Detraccion Fecha,PR_ERP_FNZ_QRY_GN_ReporteDetraccion
1117,Lista de Precios C Estandar,PR_ERP_COM_QRY_GN_LPSTDCOMPRAS
1117,Lista de Precios C Estandar,PR_ERP_COM_QRY_REGISTRA_CABLPSTD
1117,Lista de Precios C Estandar,USP_CADENA_COPIALISTA
1117,Lista de Precios C Estandar,USP_INV_LISTAPRESUPUESTO
1117,Lista de Precios C Estandar,USP_INV_LISTAPRESUPUESTO
1117,Lista de Precios C Estandar,USP_INV_LLENA_CABDETLP
1117,Lista de Precios C Estandar,USP_INV_LLENA_CABDETLP
1117,Lista de Precios C Estandar,USP_INV_LLENA_CABDETLP
1117,Lista de Precios C Estandar,USP_INV_LLENA_CABDETLP_NIVELES
1117,Lista de Precios C Estandar,USP_INV_LLENA_CABDETLP_NIVELES
1117,Lista de Precios C Estandar,USP_INV_LLENA_CABDETLP_NIVELES
1117,Lista de Precios C Estandar,USP_INV_LLENA_CABDETLP_NIVELES
1117,Lista de Precios C Estandar,USP_INV_LLENA_CABDETLP_NIVELES
1120,Categoria Compras,PR_ERP_COM_QRY_GN_CTGCOMPRAS
1120,Categoria Compras,PR_ERP_COM_QRY_GN_REGISTRASTD_ARTICULO
1120,Categoria Compras,PR_ERP_COM_QRY_GN_REGISTRASTD_ARTICULO
1120,Categoria Compras,PR_ERP_COM_QRY_GN_REGISTRASTD_ARTICULO
1120,Categoria Compras,PR_ERP_COM_QRY_GN_SIN_CTGARTCOMPRAS
1121,Depura Reque y OrdCompra,USP_CANCELAOCOREQ
1130,Historico Precio/Prove x Artic,USP_ALM_HISTORICOPRECIOPROV
1138,Consulta Ord. Compra No Atendi,USP_ORDCOMP_PENDIENTES
1142,Documentos x Proveedor,dbo.PR_ERP_FNZ_RPT_GN_ConsultaDocumentoProveedor
1151,Reprogramacion FechaEntrega OC,SELECTDISTINCT
1151,Reprogramacion FechaEntrega OC,USP_ENVIA_EMAIL_REPROGFECHA
1152,Integracion de Documentos,PR_ERP_FNZ_QRY_CONSULTAFACTURAELECTRONICA_CO
1152,Integracion de Documentos,PR_ERP_FNZ_QRY_CONSULTAFACTURAELECTRONICA_CR
1152,Integracion de Documentos,PR_ERP_FNZ_QRY_CONSULTAFACTURAELECTRONICA_SV
1153,Integracion MUD,PR_ERP_FNZ_QRY_GN_MduPreRegistroToFactura
1153,Integracion MUD,PR_ERP_FNZ_QRY_GN_MduRechazoPreRegistroFactura
1158,Reporte Provision Diferidos,PR_ERP_FNZ_RPT_GN_PROVISIONDIFERIDO
1159,Integracion de Fletes/OCo,PR_ERP_FNZ_QRY_GN_GeneraOrdenCompraTransportista
1159,Integracion de Fletes/OCo,PR_ERP_FNZ_QRY_GN_ObtenerErrorImpuestoIncluido
1159,Integracion de Fletes/OCo,PR_ERP_FNZ_QRY_GN_ObtenerErrorImpuestoIncluido
1159,Integracion de Fletes/OCo,PR_ERP_FNZ_QRY_GN_ObtenerErrorProcesoIntegracionFlete
1159,Integracion de Fletes/OCo,PR_ERP_FNZ_QRY_GN_OBTENERFLETE
1159,Integracion de Fletes/OCo,PR_ERP_FNZ_QRY_GN_ObtieneOrdenCompraTransportista
1159,Integracion de Fletes/OCo,PR_ERP_FNZ_QRY_GN_ObtieneTotalFleteTransportista
1159,Integracion de Fletes/OCo,PR_ERP_FNZ_QRY_GN_RevertirOrdenCompraTransportista
1166,Asigna Per.Contable a Usuario,USP_CTB_ASIGNA_ASIENTOS
1171,Aprobacion en Bloque,DBO.PR_ERP_FNZ_QRY_GN_AprobacionBloqueOrdenGiro
1171,Aprobacion en Bloque,PR_ERP_FNZ_QRY_GN_AprobacionBloqueAsientoManual
1173,Retira Aprobacion de Documento,USP_ADM_ENVIA_CORREO_ORDEN_GIRO_QUITA_APROBACION
1173,Retira Aprobacion de Documento,USP_ADM_ENVIA_CORREO_ORDEN_GIRO_QUITA_APROBACION
1180,Lineas de Credito Clientes,COM_CLIENTE_LINEA_CREDITO
1180,Lineas de Credito Clientes,COM_CLIENTE_LINEA_CREDITO
1180,Lineas de Credito Clientes,COM_CLIENTE_LINEA_CREDITO
1180,Lineas de Credito Clientes,COM_CRED_VAL_CLIENTE
1180,Lineas de Credito Clientes,PR_ERP_FNZ_QRY_GN_PROCESASALDOLINEACREDITO
1200,Aplicacion de Saldos por Redon,dbo.PR_ERP_FNZ_QRY_GN_APLICACIONCOBRARDETALLE
1200,Aplicacion de Saldos por Redon,dbo.PR_ERP_FNZ_QRY_GN_APLICACIONCOBRARDETALLE
1200,Aplicacion de Saldos por Redon,dbo.PR_ERP_FNZ_QRY_GN_APLICACIONCOBRARIMPORTAR
1200,Aplicacion de Saldos por Redon,PR_ERP_FNZ_QRY_GN_APLICACIONCOBRARCREACION
1201,Aplicacion Cobrar Intercompany,PR_ERP_FNZ_QRY_GN_GenerarAplicacionCobrarInterface
1201,Aplicacion Cobrar Intercompany,PR_ERP_FNZ_QRY_GN_ObtenerAplicacionPagarDetalleInterface
1201,Aplicacion Cobrar Intercompany,PR_ERP_FNZ_QRY_GN_ObtenerAplicacionPagarDetalleInterface
1201,Aplicacion Cobrar Intercompany,PR_ERP_FNZ_QRY_GN_ObtenerAplicacionPagarDetalleInterface
1201,Aplicacion Cobrar Intercompany,PR_ERP_FNZ_QRY_GN_ObtenerAplicacionPagarInterface
1206,Consulta Documentos x Cliente,USP_ADM_CUENTA_CORRIENTE_COBRAR
1206,Consulta Documentos x Cliente,USP_ADM_CUENTA_CORRIENTE_COBRAR
1207,Estado Cuenta x Cobrar,PR_ERP_FNZ_RPT_GN_CUENTACORRIENTECOBRARSALDOS
1207,Estado Cuenta x Cobrar,USP_ADM_CUENTA_CORRIENTE_COBRAR_SALDOS
1208,Proyeccion de Cobranza,USP_CTA_CORRIENTE_PROY_CLIENTE
1208,Proyeccion de Cobranza,USP_CTA_CORRIENTE_PROY_RUC
1208,Proyeccion de Cobranza,USP_CTA_CORRIENTE_PROY_TODOS
1209,Cuadro Cobranza Efectuada,USP_CTA_CORRIENTE_CEFEC_CLIENTE
1209,Cuadro Cobranza Efectuada,USP_CTA_CORRIENTE_CEFEC_RUC
1209,Cuadro Cobranza Efectuada,USP_CTA_CORRIENTE_CEFEC_TODOS
1210,CtaCte x Cobrar Saldos,USP_CTAXCOBRAR_SALDO
1211,Anticuamiento CtaCte - Saldos,USP_ANTICUAMIENTOCXC_SALDO
1212,CtaCte x Cobrar Movimientos,USP_ADM_CUENTA_CORRIENTE_COBRAR_MOVIMIENTOS
1213,Anticuamiento CtaCte . Movimie,USP_ANTICUAMIENTOCXC_MOV
1225,Negociacion de Documentos,PR_ERP_FNZ_QRY_GN_ObtenerValorDocumentoNegociado
1225,Negociacion de Documentos,PR_ERP_FNZ_QRY_GN_ObtenerValorDocumentoNegociado
1225,Negociacion de Documentos,PR_ERP_FNZ_QRY_GN_SelectorDocumentoPagar
1225,Negociacion de Documentos,PR_ERP_FNZ_QRY_GN_VerificaTotalDocumentoNegociado
1239,Cuentas por Pagar a Clientes,USP_ANULACION_FACTURA_COMPRA
1240,Descuento Facturado,dbo.USP_ADMIN_VAL_FACDES
1240,Descuento Facturado,dbo.USP_ADMIN_VAL_FACDES
1245,Aplicacion de Doc x Pagar,dbo.PR_ERP_FNZ_QRY_GN_APLICACIONPAGARIMPORTAR
1245,Aplicacion de Doc x Pagar,PR_ERP_FNZ_QRY_GN_AplicacionPagarAnulacion
1245,Aplicacion de Doc x Pagar,PR_ERP_FNZ_QRY_GN_APLICACIONPAGARCREACION
1245,Aplicacion de Doc x Pagar,PR_ERP_FNZ_QRY_GN_ObtieneValoresAplicacionPagar
1245,Aplicacion de Doc x Pagar,PR_ERP_FNZ_QRY_GN_ObtieneValoresAplicacionPagar
1246,Aplicacion de Doc x Pagar,PR_ERP_FNZ_QRY_GN_AplicacionPagarAnulacion
1246,Aplicacion de Doc x Pagar,PR_ERP_FNZ_QRY_GN_APLICACIONPAGARCREACION
1274,LayOut Transferencia Bol,PR_ERP_FNZ_QRY_GN_LayoutBancoBolivariano_EC
1281,Anulacion de Layout,DBO.USP_ANULACION_INGRESO_BANCO
1287,Programacion Pago Detraccion,PR_ERP_FNZ_QRY_GN_PROGRAMARDETRACCIONIMPORTAR
1289,Actualiza Numero y Fecha Detra,PR_ERP_FNZ_QRY_GN_ActualizaNumeroDepositoFechaDetraccion
1289,Actualiza Numero y Fecha Detra,PR_ERP_FNZ_QRY_GN_ActualizaNumeroDepositoFechaDetraccion
1300,Pasar Facturacion - PE,PR_ERP_FNZ_QRY_GN_EXTORNOORDENCOMPRA
1300,Pasar Facturacion - PE,PR_ERP_FNZ_QRY_GN_GenerarFacturaInterface
1300,Pasar Facturacion - PE,PR_ERP_FNZ_QRY_GN_ObtenerOrdenCompraInterface
1300,Pasar Facturacion - PE,PR_ERP_FNZ_QRY_GN_ReporteFacturasInterface
1301,Pasar Facturacion - TH,USP_ANULACION_FACTURA_COMPRA
1302,Pasar Facturacion - MX,PR_ERP_FNZ_QRY_GN_EXTORNOORDENCOMPRA
1302,Pasar Facturacion - MX,PR_ERP_FNZ_QRY_GN_GenerarFacturaInterface
1302,Pasar Facturacion - MX,PR_ERP_FNZ_QRY_GN_ObtenerOrdenCompraInterface
1302,Pasar Facturacion - MX,PR_ERP_FNZ_QRY_GN_ReporteFacturasInterface
1303,Pasar Nota Credito - PE,PR_ERP_FNZ_QRY_GN_ConsultaClienteInterface
1303,Pasar Nota Credito - PE,PR_ERP_FNZ_QRY_GN_GenerarNotaCreditoInterface
1303,Pasar Nota Credito - PE,PR_ERP_FNZ_QRY_GN_ObtenerNotaCreditoInterface
1303,Pasar Nota Credito - PE,USP_ANULACION_FACTURA_COMPRA
1304,Aplicacion x Pagar Redondeo,dbo.PR_ERP_FNZ_QRY_GN_APLICACIONPAGARIMPORTAR
1304,Aplicacion x Pagar Redondeo,PR_ERP_FNZ_QRY_GN_APLICACIONPAGARCREACION
1307,Cuenta Corriente x Pagar (2),PR_ERP_FNZ_QRY_GN_ReporteCuentaCorrientePagar
1313,Anticuamiento CtaCte - Saldos,USP_ADM_ANTICUAMIENTO_PAGAR_SALDO
1313,Anticuamiento CtaCte - Saldos,USP_ANTICUAMIENTOCXP_SALDO
1313,Anticuamiento CtaCte - Saldos,USP_ANTICUAMIENTOCXP_SALDO_NEW
1331,Ingresos a Caja,PR_ERP_FNZ_QRY_GN_INGRESOCAJACREACION
1332,Cobranza Transportista,dbo.PR_ERP_FNZ_QRY_GN_CreacionCobranzaTransportista
1332,Cobranza Transportista,dbo.PR_ERP_FNZ_QRY_GN_VerificaExtractoBancario
1332,Cobranza Transportista,PR_ERP_FNZ_QRY_GN_ObtenerDepositoGuiaTransportista
1332,Cobranza Transportista,PR_ERP_FNZ_QRY_GN_OBTENERDEPOSITOORDENCARGA
1332,Cobranza Transportista,PR_ERP_FNZ_QRY_GN_OBTENERDEPOSITOORDENCARGA
1332,Cobranza Transportista,PR_ERP_FNZ_QRY_GN_OBTENERDEPOSITOORDENCARGA
1332,Cobranza Transportista,PR_ERP_FNZ_QRY_GN_ObtenerDepositoPagoDigital_PE
1335,Anula Ingresos por Liquidacion,USP_ANULACION_LIQUIDACION_TRANSPORTISTA
1336,Reversion de Ingreso Caja,PR_ERP_FNZ_QRY_GN_INGRESOCAJAREVERSION
1338,Egreso de Caja,PR_ERP_FNZ_QRY_GN_EgresoCajaAnulacion
1338,Egreso de Caja,PR_ERP_FNZ_QRY_GN_EGRESOCAJACREACION
1360,Reporte RDO,PR_ERP_FNZ_RPT_GN_REPORTERESUMENDIARIOOPERACIONCAJA
1360,Reporte RDO,PR_ERP_FNZ_RPT_GN_REPORTERESUMENDIARIOOPERACIONCAJA
1360,Reporte RDO,PR_ERP_FNZ_RPT_GN_REPORTERESUMENDIARIOOPERACIONCAJA
1364,Reporte Detallado Cajas,PR_ERP_FNZ_RPT_GN_DETALLECAJAS
1378,Complemento de Pagos FP Mixtos,USP_FEX_CFDI_CPG_ANULA_CONFIRMACION
1378,Complemento de Pagos FP Mixtos,USP_FEX_CFDI_CPG_VINCULAR_AXC
1378,Complemento de Pagos FP Mixtos,USP_FEX_CFDI_CPG_VINCULAR_AXC
1380,Aplicacion de Bol de Deposito,COM_CLIENTE_LINEA_CREDITO
1380,Aplicacion de Bol de Deposito,COM_CLIENTE_LINEA_CREDITO
1380,Aplicacion de Bol de Deposito,USP_FEX_CFDI_EXEC_CANCELAR
1380,Aplicacion de Bol de Deposito,USP_FEX_CFDI_EXEC_FILETEXT_CPG
1380,Aplicacion de Bol de Deposito,USP_FEX_CFDI_EXEC_FILETEXT_CPG
1383,Genera Boleta de Deposito Ade,PR_ERP_FNZ_QRY_GN_DEPOSITOADELANTOCREACION
1385,Elimina Bol de Deposito x Ade,PR_ERP_FNZ_QRY_GN_DepositoAdelantoEliminar
1386,Importacion Masiva Boleta Depo,PR_ERP_FNZ_QRY_GN_GeneraDepositoAdelantoMasivoImportar
1389,Transferencia Documentos Tesor,PR_ERP_FNZ_QRY_GN_GenerarIngresoBancoInterface
1389,Transferencia Documentos Tesor,PR_ERP_FNZ_QRY_GN_ObtenerEgresoBancoDetalleInterface
1389,Transferencia Documentos Tesor,PR_ERP_FNZ_QRY_GN_ObtenerEgresoBancoDetalleInterface
1389,Transferencia Documentos Tesor,PR_ERP_FNZ_QRY_GN_ObtenerEgresoBancoDetalleInterface
1389,Transferencia Documentos Tesor,PR_ERP_FNZ_QRY_GN_ObtenerEgresoBancoInterface
1390,Confirmacion de Documentos,dbo.PR_ERP_FNZ_QRY_GN_ENVIOCORREOPAGOPROVEEDOR
1390,Confirmacion de Documentos,PR_ERP_FNZ_QRY_GN_CONFIRMACIONPAGOACTUALIZACION
1391,Anulacion Documentos de Bancos,DBO.USP_ANULACION_INGRESO_BANCO
1393,Pago de Transferencias,PR_ERP_FNZ_QRY_GN_ControlPagoTransferencia
1393,Pago de Transferencias,PR_ERP_FNZ_QRY_GN_PAGOTRANSACCIONCREACION
1399,Anulacion de Cheques,dbo.PR_ERP_FNZ_QRY_GN_AnulacionCheque
1401,Distribucion de Ingresos,PR_ERP_FNZ_QRY_GN_AnulacionDistribucionIngresos
1401,Distribucion de Ingresos,PR_ERP_FNZ_QRY_GN_CreacionDistribucionIngresos
1401,Distribucion de Ingresos,PR_ERP_FNZ_QRY_GN_IngresoBanco_DIN
1401,Distribucion de Ingresos,PR_ERP_FNZ_QRY_GN_IngresoBanco_DIN
1401,Distribucion de Ingresos,PR_ERP_FNZ_QRY_GN_ObtieneDistribucionDocumento
1401,Distribucion de Ingresos,USP_ADM_CIERRE_CAJA_DIN
1402,Confirmacion de Documentos,PR_ERP_FNZ_QRY_GN_CONFIRMACION_BDB_DIN
1402,Confirmacion de Documentos,PR_ERP_FNZ_QRY_GN_CONFIRMACION_BDB_DIN
1402,Confirmacion de Documentos,PR_ERP_FNZ_QRY_GN_GeneraDAD
1405,Rendicion de Bancos,PR_ERP_FNZ_QRY_GN_ControlRendicionBanco
1405,Rendicion de Bancos,USP_ANULACION_RENDICION_GASTOS
1405,Rendicion de Bancos,USP_CREACION_RENDICION_GASTOS
1406,Reembolso de Gastos,USP_CREACION_RENDICION_GASTOS
1409,Registro Documento de Gasto,PR_ERP_FNZ_QRY_GN_REGISTROGASTOCREACION
1412,Anula Reg Documentos de Gasto,USP_ANULACION_FACTURA_COMPRA
1442,Extracto Bancario Manual,PR_ERP_FNZ_QRY_GN_ELIMINACARGAEXT
1442,Extracto Bancario Manual,USP_ACTUALIZA_CONCILIACION_BANCOS_LIBERA
1442,Extracto Bancario Manual,USP_BCO_LLENA_CONCILIACION
1442,Extracto Bancario Manual,USP_CONCILIACION_BCO_GASTOS
1445,Proceso Conciliacion Automatic,PR_ERP_FNZ_QRY_GN_DESCONCILIABANCOAUTOMATICO
1446,Proceso Conciliacion Autom VAL,PR_ERP_FNZ_QRY_GN_DESCONCILIABANCOAUTOMATICO
1449,Modifica Estado Docs Conciliad,PR_ERP_FNZ_QRY_GN_DESCONCILIADOC
1461,Cierre Mensual Banco,PR_ERP_FNZ_QRY_GN_CIERRE_BANCOS
1466,Conciliacion Bancaria Automati,USP_CTB_CONCILIABANCOS
1466,Conciliacion Bancaria Automati,USP_CTB_DESCONCILIABANCOS
1472,Caratula de Conciliacion,USP_BCO_CARATULA_CONCILIA
1491,Reporte de BDA,PR_ERP_FNZ_RPT_GN_BOLETADEPOSITOADELANTO
1491,Reporte de BDA,PR_ERP_FNZ_RPT_GN_BOLETADEPOSITOADELANTO
1493,Reporte Saldos Boleta Deposito,PR_ERP_FNZ_RPT_GN_SaldoBoletaDepositoAdelanto
1493,Reporte Saldos Boleta Deposito,USP_SALDO_BOLETA_DEPOSITO_ADELANTO
1495,Reporte Rendiciones,PR_ERP_FNZ_RPT_GN_RENDICIONES
1514,Maestro de Activo,PR_ERP_COM_QRY_GN_RegistrarItemIntegracion
1520,Movimientos de Almacen,PR_ERP_FNZ_QRY_GN_CANTIDADFACTURADAORDENCOMPRAACTUALIZA
1520,Movimientos de Almacen,PR_ERP_FNZ_QRY_GN_CANTIDADFACTURADAORDENCOMPRAACTUALIZA
1520,Movimientos de Almacen,PR_ERP_FNZ_QRY_GN_MOVIMIENTOACTIVOFIJOCREACION
1520,Movimientos de Almacen,PR_ERP_FNZ_QRY_GN_MOVIMIENTOACTIVOFIJOSERIECREACION
1520,Movimientos de Almacen,USP_ACT_KARDEX_PROMO
1520,Movimientos de Almacen,USP_ACT_KARDEX_PROMO
1521,Activacion de Activo,INV_CREAIAF_ALMACEN
1524,Control de Mejoras,PR_ERP_FNZ_QRY_GN_ActualizaSaldoCierreMejora
1554,Reporte de Activo Fijo,PR_ERP_FNZ_RPT_GN_REPORTEALQUILERACTIVO
1555,Libro de Activo Fijo,PR_ERP_FNZ_RPT_GN_LIBROACTIVOFIJO
1557,Plan de Cuentas,PR_ERP_FNZ_RPT_GN_ReportePlanCuentas
1559,Voucher (marca y canal),USP_ELIMINA_VOUCHER_CONTABLE
1561,Creacion de Asientos Manuales,PR_ERP_FNZ_QRY_GN_ELIMINAVOUCHERCONTABLEXAPROBAR
1561,Creacion de Asientos Manuales,PR_ERP_FNZ_QRY_GN_VerificaIntercompanyAsientoContable
1561,Creacion de Asientos Manuales,PR_ERP_FNZ_QRY_GN_VerificaIntercompanyAsientoContable
1561,Creacion de Asientos Manuales,PR_ERP_FNZ_QRY_GN_VOUCHERDETALLEIMPORTAR
1562,Provision de Asiento,PR_ERP_FNZ_QRY_GN_PROVISIONCOBRANZADUDOSA
1562,Provision de Asiento,PR_ERP_FNZ_QRY_GN_PROVISIONCOBRANZADUDOSAANULAR
1562,Provision de Asiento,PR_ERP_FNZ_QRY_GN_PROVISIONCOBRANZADUDOSAMODIFICAR
1564,Maestro de Ejercicio,USP_ADM_COPIAR_CONFIGURACIONES
1567,Importar Voucher Contable,PR_ERP_FNZ_QRY_GN_VOUCHERCONTABLEIMPORTAR
1568,Imprimir Asientos Auditoria,PR_ERP_FNZ_QRY_GN_AsientoAuditoriaImportar
1569,Contabilizacion Masiva AMA - E,PR_ERP_FNZ_QRY_GN_GeneraAsientoManualProvisiones
1582,Identificador Costos Maquila,PR_ERP_FNZ_RPT_GN_IdentificadorCentroCostoGasto
1582,Identificador Costos Maquila,PR_ERP_FNZ_RPT_GN_IdentificadorCostoTransferencia
1599,Diseno de Reportes,PR_ERP_FNZ_QRY_GN_DisenoReporteEliminar
1601,Procesa Asientos Programados,PR_ERP_FNZ_QRY_GN_AnulaAsientosProgramados
1601,Procesa Asientos Programados,PR_ERP_FNZ_QRY_GN_CreaAsientosProgramados
1601,Procesa Asientos Programados,PR_ERP_FNZ_QRY_GN_ObtieneModuloTransaccion
1602,Genera Asientos Apert-Cierre,USP_ASIENTO_APERTURA
1602,Genera Asientos Apert-Cierre,USP_ASIENTO_APERTURA_IFRS
1602,Genera Asientos Apert-Cierre,USP_ELIMINA_VOUCHER_CONTABLE
1602,Genera Asientos Apert-Cierre,USP_ELIMINA_VOUCHER_CONTABLE
1605,Provision de Gastos DGT,PR_ERP_FNZ_QRY_GN_Provision_Gastos
1605,Provision de Gastos DGT,PR_ERP_FNZ_QRY_GN_Provision_Gastos_Detalle
1610,Asiento Ajuste Dif. Cambio,USP_ADM_ANULA_DIFERENCIA_CAMBIO
1610,Asiento Ajuste Dif. Cambio,USP_ASIENTO_DIFERENCIA_CAMBIO
1611,Extorno de Diferencia de TC,USP_ADM_ASIENTO_EXTORNO_TIPOCAMBIO
1612,Asiento Ajuste y Redondeo,PR_ERP_FNZ_QRY_GN_ASIENTOAJUSTEREDONDEO
1612,Asiento Ajuste y Redondeo,PR_ERP_FNZ_QRY_GN_REVERTIRASIENTOAJUSTEREDONDEO
1618,Imprime Retenciones x Bloque,DBO.PR_ERP_FNZ_QRY_WS_REVERSIONRETENCIONELECTRONICA_ET_PE
1618,Imprime Retenciones x Bloque,DBO.PR_ERP_FNZ_QRY_WS_REVERSIONRETENCIONELECTRONICA_LG_PE
1618,Imprime Retenciones x Bloque,DBO.PR_ERP_FNZ_QRY_WS_REVERSIONRETENCIONELECTRONICA_NF_PE
1618,Imprime Retenciones x Bloque,DBO.PR_ERP_FNZ_QRY_WS_REVERSIONRETENCIONELECTRONICA_PE
1618,Imprime Retenciones x Bloque,DBO.PR_ERP_FNZ_QRY_WS_REVERSIONRETENCIONELECTRONICA_PE
1618,Imprime Retenciones x Bloque,DBO.PR_ERP_FNZ_QRY_WS_REVERSIONRETENCIONELECTRONICA_SV
1619,Procesar Reg Rete\Buen Contri,USP_IMPORT_AGENRET_BUECONT
1625,Reversion Retencion Web - Elec,PR_ERP_FNZ_QRY_WS_REVERSIONRETENCIONELECTRONICA_DF_PE
1625,Reversion Retencion Web - Elec,PR_ERP_FNZ_QRY_WS_REVERSIONRETENCIONELECTRONICA_PE
1629,Registro Regimen Percepciones,USP_REPORTE_PERCEPCIONES
1630,Imprime Percepciones x Bloque,DBO.PR_ERP_FNZ_QRY_WS_REVERSIONPERCEPCIONELECTRONICA_ET_PE
1630,Imprime Percepciones x Bloque,DBO.PR_ERP_FNZ_QRY_WS_REVERSIONPERCEPCIONELECTRONICA_LG_PE
1630,Imprime Percepciones x Bloque,DBO.PR_ERP_FNZ_QRY_WS_REVERSIONPERCEPCIONELECTRONICA_NF_PE
1630,Imprime Percepciones x Bloque,DBO.PR_ERP_FNZ_QRY_WS_REVERSIONPERCEPCIONELECTRONICA_PE
1630,Imprime Percepciones x Bloque,DBO.PR_ERP_FNZ_QRY_WS_REVERSIONPERCEPCIONELECTRONICA_PE
1631,Registro Regimen Percepciones,USP_ADM_REPORTE_PERCEPCIONES
1635,Distribucion de Gastos Indirec,USP_DISTRIBUCION_GASTOS_NEW
1635,Distribucion de Gastos Indirec,USP_Filtrar_CC_Cabhcos2
1635,Distribucion de Gastos Indirec,USP_Recalcular_GastosIndirectos
1636,Distribucion de Gastos Indirec,USP_DISTRIBUCION_GASTOS
1636,Distribucion de Gastos Indirec,USP_Filtrar_CC_Cabhcos2
1636,Distribucion de Gastos Indirec,USP_Recalcular_GastosIndirectos
1646,Reporte de Venta Fiscal,PR_ERP_FNZ_RPT_GN_REPORTEVENTAFISCAL_EC
1647,Genera Archivo para PDB,PR_ERP_FNZ_RPT_GN_ESTRUCTURACOMPROBANTECARGAPDB_PE
1649,Actualizacion de Saldos,USP_CTB_ACT_SALDOS
1649,Actualizacion de Saldos,USP_CTB_ACT_SALDOS_DISENO
1650,Actualizacion de Saldos(MR),USP_CTB_ACT_SALDOS_FILTRO
1651,Ubica Inconsistencias Polizas,USP_CTB_VOU_INCONSISTENTES
1656,Reversion de Voucher Contable,PR_ERP_FNZ_QRY_GN_GeneraAsientoReversion
1657,Extorno Masivo de Provisiones,PR_ERP_FNZ_QRY_GN_GeneraAsientoReversion
1657,Extorno Masivo de Provisiones,PR_ERP_FNZ_QRY_GN_MuestraVoucher_Reversion
1662,Interface Voucher Contable,PR_ERP_FNZ_QRY_GN_GENERAVOUCHER_NOMINA
1662,Interface Voucher Contable,PR_ERP_FNZ_QRY_GN_VALIDAVOUCHERNOM
1662,Interface Voucher Contable,USP_ELIMINA_VOUCHER_CONTABLENOMINA
1665,Interface Voucher - Nominas,USP_CTB_ASIENTO_PLANILLA
1665,Interface Voucher - Nominas,USP_CTB_PLANILLA_VALIDA
1665,Interface Voucher - Nominas,USP_CTB_REVIERTE_INTERFACE_PLANILLA
1669,Interface Voucher SAP,PR_ERP_FNZ_QRY_GN_GENERAVOUCHERSAP
1669,Interface Voucher SAP,PR_ERP_FNZ_QRY_GN_MUESTRAVOUCHERSAP
1669,Interface Voucher SAP,PR_ERP_FNZ_QRY_GN_VALIDAVOUCHERSAP
1677,Anexo de Cuentas,USP_REP_ANEXOCUENTAS
1677,Anexo de Cuentas,USP_REP_ANEXOCUENTAS
1679,Balance General,USP_NOTAS_ESTADOS_FINANCIEROS
1680,Balance General Comparativo,USP_NOTAS_ESTADOS_FINANCIEROS_COMPARATIVO
1681,Estado Gan. y Perdidas,USP_NOTAS_ESTADOS_FINANCIEROS
1682,Estado Gan. y Perdidas Compara,USP_CTB_REP_ESTGYP_COMPARATIVO
1683,Estado Gan. y Perdidas Acumula,USP_NOTAS_ESTADOS_FINANCIEROS
1684,Notas Estados Financieros,USP_NOTAS_ESTADOS_FINANCIEROS
1685,Notas Estados Financieros MX,USP_CTB_REPNOTAS_EEFF
1685,Notas Estados Financieros MX,USP_CTB_REPNOTAS_EEFF_2
1688,Hoja de Trabajo - Com Acumulad,PR_ERP_FNZ_RPT_GN_BALANCECOMPROBACIONACUMULADO
1688,Hoja de Trabajo - Com Acumulad,PR_ERP_FNZ_RPT_GN_BALANCECOMPROBACIONACUMULADO
1689,Hoja de Trabajo - Comprobacion,USP_ADM_BALANCE_COMPROBACION
1689,Hoja de Trabajo - Comprobacion,USP_ADM_BALANCE_COMPROBACION
1717,Subdiario Contable,USP_ADM_SUBDIARIO_CONTABLE
1717,Subdiario Contable,USP_ADM_SUBDIARIO_CONTABLE
1718,Analisis de Cuenta,USP_ADM_ANALISIS_CUENTA
1718,Analisis de Cuenta,USP_ADM_ANALISIS_CUENTA
1718,Analisis de Cuenta,USP_ADM_ANALISIS_CUENTA
1718,Analisis de Cuenta,USP_ADM_ANALISIS_CUENTA
1721,Auxiliar Centro Costo x Cuenta,PR_ERP_FNZ_QRY_GN_ReporteAuxiliarCentroCostoxCuenta
1722,Auxiliar Ctas.CCos.Respons-New,USP_Filtrar_CC_Cabhcos2
1724,Mayor Auxiliar x Persona,USP_ADM_MAYOR_AUXILIAR_PERSONA
1725,Mayor Auxiliar x Interco,USP_ADM_MAYOR_AUXILIAR_INTERCO
1726,Mayor Auxiliar x Articulo,USP_ADM_MAYOR_AUXILIAR_ARTICULO
1728,Cuentas sin Centro de Costo,USP_CUENTA_SIN_CENTROCOSTO
1731,Voucher Anulados,PR_ERP_FNZ_RPT_GN_AsientoContableAnulado
1732,Reporte Asiento Manuales,PR_ERP_FNZ_RPT_GN_ASIENTOCONTABLEMANUAL
1734,Saldo de Terceros x Cuenta,PR_ERP_FNZ_RPT_GN_SALDOSTERCEROSCUENTA
1739,Registros Oficiales,USP_REGISTRO_APURACAO
1739,Registros Oficiales,USP_REGISTRO_ENTRADAS
1739,Registros Oficiales,USP_REGISTRO_SALIDAS
1740,Relatorio Nota Fiscais,USP_REGISTRO_APURACAO
1740,Relatorio Nota Fiscais,USP_REGISTRO_SALIDAS
1740,Relatorio Nota Fiscais,USP_REP_NOTA_FISCAIS
1740,Relatorio Nota Fiscais,USP_REP_NOTA_FISCAIS
1743,Reporte Kardex Articulo,USP_KARDEX_VALORADO_ARTICULO
1744,Notas Estados Financieros AJE,USP_CTB_REPORTE_NOTASAJE_1
1746,Declaracion Anual de Impuestos,USP_REPFIS_GENERA_DIOT
1752,Catalogo Cuentas,USP_CTB_CREA_CATALOCTASSAT
1752,Catalogo Cuentas,USP_CTB_REPLICA_CATALOCTASSAT
1753,CTB Elect - Archivo Poliza,USP_CTBELECT_LAYOUT_POLIZA
1754,CTB Elect - Archivo Balanza,USP_CTBELECT_LAYOUT_BALANZA
1754,CTB Elect - Archivo Balanza,USP_CTBELECT_LAYOUT_BALANZA
1757,Movimiento Contables - PWC,PR_ERP_FNZ_RPT_GN_MOVIMIENTOSCONTABLESPWC
1757,Movimiento Contables - PWC,PR_ERP_FNZ_RPT_GN_MOVIMIENTOSCONTABLESPWC
1757,Movimiento Contables - PWC,PR_ERP_FNZ_RPT_GN_MOVIMIENTOSCONTABLESPWC
1757,Movimiento Contables - PWC,PR_ERP_FNZ_RPT_GN_MOVIMIENTOSCONTABLESPWC
1757,Movimiento Contables - PWC,PR_ERP_FNZ_RPT_GN_MOVIMIENTOSCONTABLESPWC
1762,Libros Electronicos,COM_GENERALIBROCRT
1762,Libros Electronicos,COM_LIBRORESVENTA
1762,Libros Electronicos,DBO.COM_GENERA_CPC
1762,Libros Electronicos,DBO.USP_ADM_LIBROREG_XMLCOMPRAS_2016
1762,Libros Electronicos,DBO.USP_ADM_LIBROREG_XMLDIARIO_2016
1762,Libros Electronicos,DBO.USP_ADM_LIBROREG_XMLMAYOR_2016
1762,Libros Electronicos,DBO.USP_ADM_LIBROREG_XMLSJDOMCOMPRAS_2016
1762,Libros Electronicos,USP_ADM_LIBROREG_XML_RESUMEN_COMPROBANTES_IMPRESOS
1762,Libros Electronicos,USP_ADM_LIBROREG_XMLKARDEX
1762,Libros Electronicos,USP_ADM_LIBROREG_XMLPLCTAS_2016
1762,Libros Electronicos,USP_ADM_LIBROREG_XMLVALKARDEX
1762,Libros Electronicos,USP_ADM_LIBROREG_XMLVENTAS_2016
1764,"Libros Electronico Decla,Elim",ADM_DESPRO_LIBRO_ELEC
1773,Equivalencia Sucursal Maquila,PR_ERP_FNZ_QRY_GN_ObtenerMaestroSucursal
1775,Bloqueo Centro Costo Maquila,PR_ERP_FNZ_QRY_GN_BloqueoCentroCostoMaquila
1775,Bloqueo Centro Costo Maquila,PR_ERP_FNZ_QRY_GN_BloqueoCentroCostoMaquila
1775,Bloqueo Centro Costo Maquila,PR_ERP_FNZ_QRY_GN_BloqueoCentroCostoMaquila
1775,Bloqueo Centro Costo Maquila,PR_ERP_FNZ_QRY_GN_ObtieneCentroCostoMaquila
1775,Bloqueo Centro Costo Maquila,PR_ERP_FNZ_QRY_GN_ObtieneCentroCostoMaquila
1776,Seleccion Centro Costo Maquila,PR_ERP_FNZ_QRY_GN_GuardaTrasladoGasto
1776,Seleccion Centro Costo Maquila,PR_ERP_FNZ_QRY_GN_ObtieneSeleccionCentroCostoMaquila
1776,Seleccion Centro Costo Maquila,PR_ERP_FNZ_QRY_GN_ObtieneSeleccionCentroCostoMaquila
1776,Seleccion Centro Costo Maquila,PR_ERP_FNZ_QRY_GN_RevertirTrasladoGasto
1777,Transferir Centro Costo Maquil,PR_ERP_FNZ_QRY_GN_ConsultaRevertirCentroCostoMaquila
1777,Transferir Centro Costo Maquil,PR_ERP_FNZ_QRY_GN_ConsultaTranferirCentroCostoMaquila
1777,Transferir Centro Costo Maquil,PR_ERP_FNZ_QRY_GN_ObtieneTranferirCentroCostoMaquila
1777,Transferir Centro Costo Maquil,PR_ERP_FNZ_QRY_GN_ObtieneTranferirCentroCostoMaquila
1778,Recepcion Gasto Costo Maquila,PR_ERP_FNZ_QRY_GN_ConsultaCentroCostoMaquilaTransferidos
1778,Recepcion Gasto Costo Maquila,PR_ERP_FNZ_RPT_GN_RECEPCION_GASTO_COSTO_MAQUILA
1781,Cierre de Ventas,PR_ERP_FNZ_QRY_GN_DocumentoVentaLiquidado
1781,Cierre de Ventas,PR_ERP_FNZ_QRY_GN_GeneraCierreVenta
1781,Cierre de Ventas,PR_ERP_FNZ_QRY_GN_GuiaPendienteLiquidar
1781,Cierre de Ventas,PR_ERP_FNZ_QRY_GN_ObtieneCierreVenta
1781,Cierre de Ventas,PR_ERP_FNZ_QRY_GN_ObtieneCierreVenta
1781,Cierre de Ventas,PR_ERP_FNZ_QRY_GN_RevertirCierreVenta
1798,Liq Movimientos Transportistas,DBO.PR_ERP_FNZ_QRY_GN_LIQUIDACIONCUENTASDIVERSAS
1798,Liq Movimientos Transportistas,DBO.PR_ERP_FNZ_QRY_GN_LIQUIDACIONCUENTASDIVERSASREVERTIR
1799,Liquidacion Operador Logistico,DBO.PR_ERP_FNZ_QRY_GN_LiquidacionOperadorLogistico
1799,Liquidacion Operador Logistico,DBO.PR_ERP_FNZ_QRY_GN_RevertirLiquidacionOperadorLogistico
1800,Confirmacion Liquidacion OL,PR_ERP_FNZ_QRY_GN_GeneraOrdenCompraOperadorLogistico
1800,Confirmacion Liquidacion OL,PR_ERP_FNZ_QRY_GN_ObtenerErrorLiquidacionOperadorLogistico
1800,Confirmacion Liquidacion OL,PR_ERP_FNZ_QRY_GN_ObtenerLiquidacionOperadorLogistico
1800,Confirmacion Liquidacion OL,PR_ERP_FNZ_QRY_GN_ObtieneOrdenCompraOperadorLogistico
1800,Confirmacion Liquidacion OL,PR_ERP_FNZ_QRY_GN_RevertirOrdenCompraOperadorLogistico
1801,Confirmacion Liquidacion TRA,PR_ERP_FNZ_QRY_GN_GeneraOrdenCompraLiquidacionTransportista
1801,Confirmacion Liquidacion TRA,PR_ERP_FNZ_QRY_GN_ObtenerErrorLiquidacionTransportista
1801,Confirmacion Liquidacion TRA,PR_ERP_FNZ_QRY_GN_ObtenerOrdenCompraLiqTransportista
1801,Confirmacion Liquidacion TRA,PR_ERP_FNZ_QRY_GN_ObtenerPeriodoComision
1801,Confirmacion Liquidacion TRA,PR_ERP_FNZ_QRY_GN_RevertirOrdenCompraLiquidacionTransportista
1802,Equivalencia Sucural Op Log,PR_ERP_FNZ_QRY_GN_ObtenerMaestroSucursal
1826,Accesos Corporativos,dbo.PR_ERP_FNZ_QRY_GN_CrearAccesoCorporativo
1832,Apertura/Cierre de Caja,USP_CIERRE_CAJA_DIA
1834,Actualiza Saldo Trabajo Curso,dbo.PR_ERP_FNZ_RPT_GN_TRABAJOCURSOCONSULTA
1839,Importa Maestros Excel,PR_ERP_COM_QRY_GN_RegistrarItemIntegracion
1841,Ubica Inconsistencias Polizas,USP_INCONSISTENCIA_VOUCHER
1842,Importar Identificadores Otros,PR_ERP_FNZ_QRY_GN_IDENTIFICADORESCONTABLESIMPORTAR
1843,Importar Identificadores Costo,PR_ERP_FNZ_QRY_GN_IDENTIFICADORESCONTABLESIMPORTAR
1844,Importar Fecha Cierre Contable,PR_ERP_FNZ_QRY_GN_FECHACIERRECONTABLEIMPORTAR
1845,Importar Ubigeo,PR_ERP_FNZ_QRY_GN_UBIGEOIMPORTAR
1846,Importar Gastos Produccion,PR_ERP_FNZ_QRY_GN_GASTOSPRODUCCIONIMPORTAR
1851,Gestor de Idiomas,USP_GEN_DICCIONARIO
1856,Actualiza Saldos de Facturas,PR_ERP_FNZ_QRY_GN_SaldoDocumentoCobrar
1856,Actualiza Saldos de Facturas,PR_ERP_FNZ_QRY_GN_SaldoDocumentoPagar
1856,Actualiza Saldos de Facturas,PR_ERP_FNZ_QRY_GN_SaldoOrdenGiro
1857,Anulacion Factura Compra Valor,PR_ERP_FNZ_QRY_GN_VERIFICASALDOOCOXNOTACREDITO
1857,Anulacion Factura Compra Valor,USP_ANULACION_FACTURA_COMPRA
1872,Conceptos Presupuestales,PR_ERP_FNZ_QRY_GN_CREAPARTIDAS
1873,Asigna Empleados por C Costo,PR_ERP_FNZ_QRY_GN_Crea_Presupuesto_Empleado
1873,Asigna Empleados por C Costo,PR_ERP_FNZ_QRY_GN_CREACCEMP
1873,Asigna Empleados por C Costo,PR_ERP_FNZ_QRY_GN_CREACONFIGPRES
1873,Asigna Empleados por C Costo,PR_ERP_FNZ_QRY_GN_PRESUPUESTOIMPORTAR
1873,Asigna Empleados por C Costo,USP_ADM_GRABA_PERSOVSCC
1874,Asigna Documentos a Empleados,PR_ERP_FNZ_QRY_GN_Crea_Presupuesto_Empleado_Documentos
1881,Consultar Saldo Presupuesto,PR_ERP_FNZ_QRY_GN_SALDOARTICULO
1883,Consultar Saldo Presupuesto,PR_ERP_FNZ_QRY_GN_CONSULTA_SALDO_PRESUPUESTO
1883,Consultar Saldo Presupuesto,PR_ERP_FNZ_QRY_GN_CONSULTA_SALDO_PRESUPUESTO
1883,Consultar Saldo Presupuesto,PR_ERP_FNZ_QRY_GN_CONSULTA_SALDO_PRESUPUESTO
1883,Consultar Saldo Presupuesto,PR_ERP_FNZ_QRY_GN_SALDOARTICULO
1891,IO Registro de Presupuestos,PR_ERP_FNZ_QRY_GN_IMPORTARSALDOSPRES
1895,Consulta Saldo Presupuesto,dbo.USP_INVENTARIO_X_PARTIDA
1898,Asigna Empleados por C Costo,PR_ERP_FNZ_QRY_GN_Crea_Presupuesto_Empleado
1898,Asigna Empleados por C Costo,PR_ERP_FNZ_QRY_GN_CREACONFIGPRES
1898,Asigna Empleados por C Costo,PR_ERP_FNZ_QRY_GN_PRESUPUESTOIMPORTAR
1898,Asigna Empleados por C Costo,USP_ADM_GRABA_PERSOVSCC
1908,Genera Informacion Autom Corpo,USP_CTB_EXPORTA_CONSOL
1914,GASTOS DIRECTOS E INDIRECTOS,USP_DISTRIBUCION_GASTO_GERENCIA
1915,Costo por Articulo,cons_importacostos_planta_a_cedis
1917,Procesos Consolidacion,cons_cons_distribucion_costos
1917,Procesos Consolidacion,cons_distribucion_gastos_directos
1917,Procesos Consolidacion,cons_distribucion_gastos_indirectos
1917,Procesos Consolidacion,cons_ventas_compania
1918,Consolidado de Ventas,CONS_VENTAS_PAIS_REGION
1919,Distribucion de Indirectos,cons_distribucion_gastos_indirectos_pais
1922,Tranfiere Data-SEVEN-BIGMAGIC,asiento_nomina
1922,Tranfiere Data-SEVEN-BIGMAGIC,asiento_prestaciones
1948,Plan de compras,USP_PLAN_COMPRAS
1957,Generacion Layout  Cobranza,USP_LAYOUT_COBRANZA_INPUT
1958,Importar Layout de Retorno,USP_ADM_LAYOUT_COBRANZA_RETORNO
2077,Estado Cuenta x Cobrar - VAL,PR_ERP_FNZ_RPT_GN_CUENTACORRIENTECOBRARSALDOS
2077,Estado Cuenta x Cobrar - VAL,USP_ADM_CUENTA_CORRIENTE_COBRAR_SALDOS
2078,Depreciacion de Activo Fijo-VA,PR_ERP_FNZ_QRY_GN_DEPRECIACIONACTIVOS
2078,Depreciacion de Activo Fijo-VA,PR_ERP_FNZ_QRY_GN_DEPRECIACIONACTIVOS
2080,Proceso Conciliacion Automa-VA,PR_ERP_FNZ_QRY_GN_DESCONCILIABANCOAUTOMATICO
2081,Subdiario Contable - VALIDA,USP_ADM_SUBDIARIO_CONTABLE
2081,Subdiario Contable - VALIDA,USP_ADM_SUBDIARIO_CONTABLE
2082,Distribucion de Gastos Ind -VA,USP_DISTRIBUCION_GASTOS_NEW
2082,Distribucion de Gastos Ind -VA,USP_DISTRIBUCION_GASTOS_XCIA
2082,Distribucion de Gastos Ind -VA,USP_Filtrar_CC_Cabhcos2
2108,Asiento Caja Ingresos Liq - Pe,SELECTC.PROCCOMVTA
2115,Elimina Vouchers Generados,USP_ANULACION_VOUCHER_GENERADO
2120,Interface Voucher Contable,PR_ERP_FNZ_QRY_GN_GENERAVOUCHER_NOMINA
2120,Interface Voucher Contable,PR_ERP_FNZ_QRY_GN_VALIDAVOUCHERNOM
2120,Interface Voucher Contable,USP_ELIMINA_VOUCHER_CONTABLENOMINA
2121,Movimiento Contables - PWC,PR_ERP_FNZ_RPT_GN_MOVIMIENTOSCONTABLESPWCDETALLE
2128,Plan de Materiales AVAIL Temp,dbo.USP_ADM_CONSULTAREQAVAIL
2128,Plan de Materiales AVAIL Temp,dbo.USP_ADM_CONSULTAREQCRONOGRAMAAVAIL
2128,Plan de Materiales AVAIL Temp,dbo.USP_ADM_CONSULTAREQDETALLEAVAIL
2128,Plan de Materiales AVAIL Temp,USP_ADM_CREAREQDESDEAVAIL
2131,Asiento Aplicacion BDBs,USP_CTB_ACTUALIZA_INTERCOMPANY
2133,Asiento Aplicacion BDBs,USP_CTB_ACTUALIZA_INTERCOMPANY
2142,Recepcion de Facturas Mesa U6,PR_ERP_FNZ_QRY_GN_MduPreRegistroToFactura
2142,Recepcion de Facturas Mesa U6,PR_ERP_FNZ_QRY_GN_MduRechazoPreRegistroFactura
2147,Accesos de Empleado,PR_ERP_FNZ_QRY_GN_ACCESOEMPLEADO
2147,Accesos de Empleado,PR_ERP_FNZ_QRY_GN_COPIARACCESOEMPLEADO
2147,Accesos de Empleado,PR_ERP_FNZ_RPT_GN_AccesosdeEmpleados
2147,Accesos de Empleado,PR_ERP_FNZ_RPT_GN_AccesosdeEmpleados
2147,Accesos de Empleado,PR_ERP_FNZ_RPT_GN_AccesosdeEmpleados
2147,Accesos de Empleado,PR_ERP_FNZ_RPT_GN_AccesosdeEmpleados
2147,Accesos de Empleado,PR_ERP_FNZ_RPT_GN_AccesosdeEmpleados
2147,Accesos de Empleado,PR_ERP_FNZ_RPT_GN_AccesosdeEmpleados
2147,Accesos de Empleado,PR_ERP_FNZ_RPT_GN_AccesosdeEmpleados
2147,Accesos de Empleado,PR_ERP_FNZ_RPT_GN_AccesosdeEmpleados
2147,Accesos de Empleado,PR_ERP_FNZ_RPT_GN_AnularAccesosdeEmpleados
2147,Accesos de Empleado,PR_ERP_FNZ_RPT_GN_AnularAccesosdeEmpleados
2147,Accesos de Empleado,PR_ERP_FNZ_RPT_GN_AnularAccesosdeEmpleados
2147,Accesos de Empleado,PR_ERP_FNZ_RPT_GN_AnularAccesosdeEmpleados
2147,Accesos de Empleado,PR_ERP_FNZ_RPT_GN_AnularAccesosdeEmpleados
2147,Accesos de Empleado,PR_ERP_FNZ_RPT_GN_AnularAccesosdeEmpleados
2147,Accesos de Empleado,PR_ERP_FNZ_RPT_GN_AnularAccesosdeEmpleados
2157,Distribucion de Ingresos,PR_ERP_FNZ_QRY_GN_IngresoBanco_DIN
2157,Distribucion de Ingresos,PR_ERP_FNZ_QRY_GN_IngresoBanco_DIN
2157,Distribucion de Ingresos,USP_ADM_CIERRE_CAJA_DIN
2158,Distribucion de Ingresos,PR_ERP_FNZ_QRY_GN_IngresoBanco_DIN
2158,Distribucion de Ingresos,PR_ERP_FNZ_QRY_GN_IngresoBanco_DIN
2158,Distribucion de Ingresos,USP_ADM_CIERRE_CAJA_DIN
2183,Distribucion de Ingresos,PR_ERP_FNZ_QRY_GN_AnulacionDistribucionIngresos
2183,Distribucion de Ingresos,PR_ERP_FNZ_QRY_GN_CreacionDistribucionIngresos
2183,Distribucion de Ingresos,PR_ERP_FNZ_QRY_GN_IngresoBanco_DIN
2183,Distribucion de Ingresos,PR_ERP_FNZ_QRY_GN_IngresoBanco_DIN
2183,Distribucion de Ingresos,PR_ERP_FNZ_QRY_GN_ObtieneDistribucionDocumento
2183,Distribucion de Ingresos,USP_ADM_CIERRE_CAJA_DIN
2184,Extracto Bancario Manual,PR_ERP_FNZ_QRY_GN_ELIMINACARGAEXT
2184,Extracto Bancario Manual,USP_ACTUALIZA_CONCILIACION_BANCOS_LIBERA
2184,Extracto Bancario Manual,USP_BCO_LLENA_CONCILIACION
2184,Extracto Bancario Manual,USP_CONCILIACION_BCO_GASTOS
2185,Pasar Facturacion - MX,dbo.USP_ALM_VALORIZA_INGRESOS
2185,Pasar Facturacion - MX,USP_ANULACION_FACTURA_COMPRA
2187,Confirmacion de Documentos,PR_ERP_FNZ_QRY_GN_CONFIRMACION_BDB_DIN
2187,Confirmacion de Documentos,PR_ERP_FNZ_QRY_GN_GeneraDAD
2188,Cobranza Transportista,dbo.PR_ERP_FNZ_QRY_GN_CreacionCobranzaTransportista
2188,Cobranza Transportista,PR_ERP_FNZ_QRY_GN_ObtenerDepositoGuiaTransportista
2188,Cobranza Transportista,PR_ERP_FNZ_QRY_GN_OBTENERDEPOSITOORDENCARGA
2188,Cobranza Transportista,PR_ERP_FNZ_QRY_GN_OBTENERDEPOSITOORDENCARGA
2188,Cobranza Transportista,PR_ERP_FNZ_QRY_GN_OBTENERDEPOSITOORDENCARGA
2188,Cobranza Transportista,PR_ERP_FNZ_QRY_GN_ObtenerDepositoPagoDigital_PE
2193,Asigna Per.Contable a UsuarioV,PR_ERP_FNZ_QRY_GN_CreaAccesoUsuarioCTB
2193,Asigna Per.Contable a UsuarioV,PR_ERP_FNZ_QRY_GN_CreaAccesoUsuarioCTB
2193,Asigna Per.Contable a UsuarioV,PR_ERP_FNZ_QRY_GN_CreaAccesoUsuarioCTB
2193,Asigna Per.Contable a UsuarioV,USP_CTB_ASIGNA_ASIENTOS
2210,Retira Aprobacion de Documento,USP_ADM_ENVIA_CORREO_ORDEN_GIRO_QUITA_APROBACION
2211,Requerimiento al Almacen - VAL,USP_GIM_ANULAREQUERIMIENTO
2211,Requerimiento al Almacen - VAL,USP_GIM_LLENA_CONSULTAREQUERIMIENTO
2211,Requerimiento al Almacen - VAL,USP_GIM_LLENA_CONSULTAREQUERIMIENTO
2212,Retira Aprobacion de Documento,USP_ADM_ENVIA_CORREO_ORDEN_GIRO_QUITA_APROBACION